<?xml version="1.0" encoding="UTF-8"?>
<Tokens version="1.0">
	<File path="Protocols/IFlyPcmRecorderDelegate.html">
		
		<Token>
			<TokenIdentifier>//apple_ref/occ/intf/IFlyPcmRecorderDelegate</TokenIdentifier>
			<Abstract type="html">录音协议</Abstract>
			<DeclaredIn>IFlyPcmRecorder.h</DeclaredIn>
            
			
			<NodeRef refid="21"/>
		</Token>
		
		
		<Token>
			<TokenIdentifier>//apple_ref/occ/intfm/IFlyPcmRecorderDelegate/onIFlyRecorderBuffer:bufferSize:</TokenIdentifier>
			<Abstract type="html">回调音频数据</Abstract>
			<DeclaredIn>IFlyPcmRecorder.h</DeclaredIn>
			
			<Declaration>- (void)onIFlyRecorderBuffer:(const void *)buffer bufferSize:(int)size</Declaration>
			<Parameters>
				<Parameter>
					<Name>buffer</Name>
					<Abstract type="html">音频数据</Abstract>
				</Parameter><Parameter>
					<Name>size</Name>
					<Abstract type="html">表示音频的长度</Abstract>
				</Parameter>
			</Parameters>
			
			<Anchor>//api/name/onIFlyRecorderBuffer:bufferSize:</Anchor>
            <NodeRef refid="21"/>
		</Token>
		
		<Token>
			<TokenIdentifier>//apple_ref/occ/intfm/IFlyPcmRecorderDelegate/onIFlyRecorderError:theError:</TokenIdentifier>
			<Abstract type="html">回调音频的错误码</Abstract>
			<DeclaredIn>IFlyPcmRecorder.h</DeclaredIn>
			
			<Declaration>- (void)onIFlyRecorderError:(IFlyPcmRecorder *)recoder theError:(int)error</Declaration>
			<Parameters>
				<Parameter>
					<Name>recoder</Name>
					<Abstract type="html">录音器</Abstract>
				</Parameter><Parameter>
					<Name>error</Name>
					<Abstract type="html">错误码</Abstract>
				</Parameter>
			</Parameters>
			
			<Anchor>//api/name/onIFlyRecorderError:theError:</Anchor>
            <NodeRef refid="21"/>
		</Token>
		
		<Token>
			<TokenIdentifier>//apple_ref/occ/intfm/IFlyPcmRecorderDelegate/onIFlyRecorderVolumeChanged:</TokenIdentifier>
			<Abstract type="html">回调录音音量</Abstract>
			<DeclaredIn>IFlyPcmRecorder.h</DeclaredIn>
			
			<Declaration>- (void)onIFlyRecorderVolumeChanged:(int)power</Declaration>
			<Parameters>
				<Parameter>
					<Name>power</Name>
					<Abstract type="html">音量值</Abstract>
				</Parameter>
			</Parameters>
			
			<Anchor>//api/name/onIFlyRecorderVolumeChanged:</Anchor>
            <NodeRef refid="21"/>
		</Token>
		
        
        
	</File>
</Tokens>