<?xml version="1.0" encoding="UTF-8"?>
<Tokens version="1.0">
	<File path="Classes/IFlySpeechUnderstander.html">
		
		<Token>
			<TokenIdentifier>//apple_ref/occ/cl/IFlySpeechUnderstander</TokenIdentifier>
			<Abstract type="html">语义理解接口</Abstract>
			<DeclaredIn>IFlySpeechUnderstander.h</DeclaredIn>
            
			
			<NodeRef refid="15"/>
		</Token>
		
		
		<Token>
			<TokenIdentifier>//apple_ref/occ/instm/IFlySpeechUnderstander/setIsUnderstanding:</TokenIdentifier>
			<Abstract type="html">是否正在语义理解</Abstract>
			<DeclaredIn>IFlySpeechUnderstander.h</DeclaredIn>
			
			<Declaration>@property (readonly) BOOL isUnderstanding</Declaration>
			
			
			<Anchor>//api/name/isUnderstanding</Anchor>
            <NodeRef refid="15"/>
		</Token>
		
		<Token>
			<TokenIdentifier>//apple_ref/occ/instm/IFlySpeechUnderstander/isUnderstanding</TokenIdentifier>
			<Abstract type="html">是否正在语义理解</Abstract>
			<DeclaredIn>IFlySpeechUnderstander.h</DeclaredIn>
			
			<Declaration>@property (readonly) BOOL isUnderstanding</Declaration>
			
			
			<Anchor>//api/name/isUnderstanding</Anchor>
            <NodeRef refid="15"/>
		</Token>
		
		<Token>
			<TokenIdentifier>//apple_ref/occ/instp/IFlySpeechUnderstander/isUnderstanding</TokenIdentifier>
			<Abstract type="html">是否正在语义理解</Abstract>
			<DeclaredIn>IFlySpeechUnderstander.h</DeclaredIn>
			
			<Declaration>@property (readonly) BOOL isUnderstanding</Declaration>
			
			
			<Anchor>//api/name/isUnderstanding</Anchor>
            <NodeRef refid="15"/>
		</Token>
		
		<Token>
			<TokenIdentifier>//apple_ref/occ/instm/IFlySpeechUnderstander/setDelegate:</TokenIdentifier>
			<Abstract type="html">设置委托对象</Abstract>
			<DeclaredIn>IFlySpeechUnderstander.h</DeclaredIn>
			
			<Declaration>@property (nonatomic, retain) id&lt;IFlySpeechRecognizerDelegate&gt; delegate</Declaration>
			
			
			<Anchor>//api/name/delegate</Anchor>
            <NodeRef refid="15"/>
		</Token>
		
		<Token>
			<TokenIdentifier>//apple_ref/occ/instm/IFlySpeechUnderstander/delegate</TokenIdentifier>
			<Abstract type="html">设置委托对象</Abstract>
			<DeclaredIn>IFlySpeechUnderstander.h</DeclaredIn>
			
			<Declaration>@property (nonatomic, retain) id&lt;IFlySpeechRecognizerDelegate&gt; delegate</Declaration>
			
			
			<Anchor>//api/name/delegate</Anchor>
            <NodeRef refid="15"/>
		</Token>
		
		<Token>
			<TokenIdentifier>//apple_ref/occ/instp/IFlySpeechUnderstander/delegate</TokenIdentifier>
			<Abstract type="html">设置委托对象</Abstract>
			<DeclaredIn>IFlySpeechUnderstander.h</DeclaredIn>
			
			<Declaration>@property (nonatomic, retain) id&lt;IFlySpeechRecognizerDelegate&gt; delegate</Declaration>
			
			
			<Anchor>//api/name/delegate</Anchor>
            <NodeRef refid="15"/>
		</Token>
		
		<Token>
			<TokenIdentifier>//apple_ref/occ/clm/IFlySpeechUnderstander/sharedInstance</TokenIdentifier>
			<Abstract type="html">创建语义理解对象的单例</Abstract>
			<DeclaredIn>IFlySpeechUnderstander.h</DeclaredIn>
			
			<Declaration>+ (instancetype)sharedInstance</Declaration>
			
			<ReturnValue><Abstract type="html">语义理解对象</Abstract></ReturnValue>
			<Anchor>//api/name/sharedInstance</Anchor>
            <NodeRef refid="15"/>
		</Token>
		
		<Token>
			<TokenIdentifier>//apple_ref/occ/instm/IFlySpeechUnderstander/startListening</TokenIdentifier>
			<Abstract type="html">开始义理解</Abstract>
			<DeclaredIn>IFlySpeechUnderstander.h</DeclaredIn>
			
			<Declaration>- (BOOL)startListening</Declaration>
			
			<ReturnValue><Abstract type="html">成功返回YES，失败返回NO</Abstract></ReturnValue>
			<Anchor>//api/name/startListening</Anchor>
            <NodeRef refid="15"/>
		</Token>
		
		<Token>
			<TokenIdentifier>//apple_ref/occ/instm/IFlySpeechUnderstander/stopListening</TokenIdentifier>
			<Abstract type="html">停止录音&lt;br&gt;
调用此函数会停止录音，并开始进行语义理解</Abstract>
			<DeclaredIn>IFlySpeechUnderstander.h</DeclaredIn>
			
			<Declaration>- (void)stopListening</Declaration>
			
			
			<Anchor>//api/name/stopListening</Anchor>
            <NodeRef refid="15"/>
		</Token>
		
		<Token>
			<TokenIdentifier>//apple_ref/occ/instm/IFlySpeechUnderstander/cancel</TokenIdentifier>
			<Abstract type="html">取消本次会话</Abstract>
			<DeclaredIn>IFlySpeechUnderstander.h</DeclaredIn>
			
			<Declaration>- (void)cancel</Declaration>
			
			
			<Anchor>//api/name/cancel</Anchor>
            <NodeRef refid="15"/>
		</Token>
		
		<Token>
			<TokenIdentifier>//apple_ref/occ/instm/IFlySpeechUnderstander/setParameter:forKey:</TokenIdentifier>
			<Abstract type="html">设置语义理解引擎的参数</Abstract>
			<DeclaredIn>IFlySpeechUnderstander.h</DeclaredIn>
			
			<Declaration>- (BOOL)setParameter:(NSString *)value forKey:(NSString *)key</Declaration>
			<Parameters>
				<Parameter>
					<Name>value</Name>
					<Abstract type="html">参数对应的取值</Abstract>
				</Parameter><Parameter>
					<Name>key</Name>
					<Abstract type="html">语义理解引擎参数</Abstract>
				</Parameter>
			</Parameters>
			<ReturnValue><Abstract type="html">成功返回YES；失败返回NO</Abstract></ReturnValue>
			<Anchor>//api/name/setParameter:forKey:</Anchor>
            <NodeRef refid="15"/>
		</Token>
		
		<Token>
			<TokenIdentifier>//apple_ref/occ/instm/IFlySpeechUnderstander/writeAudio:</TokenIdentifier>
			<Abstract type="html">写入音频流</Abstract>
			<DeclaredIn>IFlySpeechUnderstander.h</DeclaredIn>
			
			<Declaration>- (BOOL)writeAudio:(NSData *)audioData</Declaration>
			<Parameters>
				<Parameter>
					<Name>audioData</Name>
					<Abstract type="html">音频数据</Abstract>
				</Parameter>
			</Parameters>
			<ReturnValue><Abstract type="html">写入成功返回YES，写入失败返回NO</Abstract></ReturnValue>
			<Anchor>//api/name/writeAudio:</Anchor>
            <NodeRef refid="15"/>
		</Token>
		
		<Token>
			<TokenIdentifier>//apple_ref/occ/instm/IFlySpeechUnderstander/destroy</TokenIdentifier>
			<Abstract type="html">销毁语义理解对象。</Abstract>
			<DeclaredIn>IFlySpeechUnderstander.h</DeclaredIn>
			
			<Declaration>- (BOOL)destroy</Declaration>
			
			<ReturnValue><Abstract type="html">成功返回YES；失败返回NO</Abstract></ReturnValue>
			<Anchor>//api/name/destroy</Anchor>
            <NodeRef refid="15"/>
		</Token>
		
        
        
	</File>
</Tokens>