<?xml version="1.0" encoding="UTF-8"?>
<Tokens version="1.0">
	<File path="Classes/IFlySpeechRecognizer.html">
		
		<Token>
			<TokenIdentifier>//apple_ref/occ/cl/IFlySpeechRecognizer</TokenIdentifier>
			<Abstract type="html">语音识别类&lt;br&gt;
此类现在设计为单例，你在使用中只需要创建此对象，不能调用release/dealloc函数去释放此对象。所有关于语音识别的操作都在此类中。</Abstract>
			<DeclaredIn>IFlySpeechRecognizer.h</DeclaredIn>
            
			
			<NodeRef refid="13"/>
		</Token>
		
		
		<Token>
			<TokenIdentifier>//apple_ref/occ/instm/IFlySpeechRecognizer/setDelegate:</TokenIdentifier>
			<Abstract type="html">设置委托对象</Abstract>
			<DeclaredIn>IFlySpeechRecognizer.h</DeclaredIn>
			
			<Declaration>@property (nonatomic, assign) id&lt;IFlySpeechRecognizerDelegate&gt; delegate</Declaration>
			
			
			<Anchor>//api/name/delegate</Anchor>
            <NodeRef refid="13"/>
		</Token>
		
		<Token>
			<TokenIdentifier>//apple_ref/occ/instm/IFlySpeechRecognizer/delegate</TokenIdentifier>
			<Abstract type="html">设置委托对象</Abstract>
			<DeclaredIn>IFlySpeechRecognizer.h</DeclaredIn>
			
			<Declaration>@property (nonatomic, assign) id&lt;IFlySpeechRecognizerDelegate&gt; delegate</Declaration>
			
			
			<Anchor>//api/name/delegate</Anchor>
            <NodeRef refid="13"/>
		</Token>
		
		<Token>
			<TokenIdentifier>//apple_ref/occ/instp/IFlySpeechRecognizer/delegate</TokenIdentifier>
			<Abstract type="html">设置委托对象</Abstract>
			<DeclaredIn>IFlySpeechRecognizer.h</DeclaredIn>
			
			<Declaration>@property (nonatomic, assign) id&lt;IFlySpeechRecognizerDelegate&gt; delegate</Declaration>
			
			
			<Anchor>//api/name/delegate</Anchor>
            <NodeRef refid="13"/>
		</Token>
		
		<Token>
			<TokenIdentifier>//apple_ref/occ/clm/IFlySpeechRecognizer/sharedInstance</TokenIdentifier>
			<Abstract type="html">返回识别对象的单例</Abstract>
			<DeclaredIn>IFlySpeechRecognizer.h</DeclaredIn>
			
			<Declaration>+ (instancetype)sharedInstance</Declaration>
			
			<ReturnValue><Abstract type="html">识别对象的单例</Abstract></ReturnValue>
			<Anchor>//api/name/sharedInstance</Anchor>
            <NodeRef refid="13"/>
		</Token>
		
		<Token>
			<TokenIdentifier>//apple_ref/occ/instm/IFlySpeechRecognizer/destroy</TokenIdentifier>
			<Abstract type="html">销毁识别对象。</Abstract>
			<DeclaredIn>IFlySpeechRecognizer.h</DeclaredIn>
			
			<Declaration>- (BOOL)destroy</Declaration>
			
			<ReturnValue><Abstract type="html">成功返回YES,失败返回NO</Abstract></ReturnValue>
			<Anchor>//api/name/destroy</Anchor>
            <NodeRef refid="13"/>
		</Token>
		
		<Token>
			<TokenIdentifier>//apple_ref/occ/instm/IFlySpeechRecognizer/setParameter:forKey:</TokenIdentifier>
			<Abstract type="html">设置识别引擎的参数</Abstract>
			<DeclaredIn>IFlySpeechRecognizer.h</DeclaredIn>
			
			<Declaration>- (BOOL)setParameter:(NSString *)value forKey:(NSString *)key</Declaration>
			<Parameters>
				<Parameter>
					<Name>value</Name>
					<Abstract type="html">参数对应的取值</Abstract>
				</Parameter><Parameter>
					<Name>key</Name>
					<Abstract type="html">识别引擎参数</Abstract>
				</Parameter>
			</Parameters>
			<ReturnValue><Abstract type="html">成功返回YES；失败返回NO</Abstract></ReturnValue>
			<Anchor>//api/name/setParameter:forKey:</Anchor>
            <NodeRef refid="13"/>
		</Token>
		
		<Token>
			<TokenIdentifier>//apple_ref/occ/instm/IFlySpeechRecognizer/parameterForKey:</TokenIdentifier>
			<Abstract type="html">获取识别引擎参数</Abstract>
			<DeclaredIn>IFlySpeechRecognizer.h</DeclaredIn>
			
			<Declaration>- (NSString *)parameterForKey:(NSString *)key</Declaration>
			<Parameters>
				<Parameter>
					<Name>key</Name>
					<Abstract type="html">参数key</Abstract>
				</Parameter>
			</Parameters>
			<ReturnValue><Abstract type="html">参数值</Abstract></ReturnValue>
			<Anchor>//api/name/parameterForKey:</Anchor>
            <NodeRef refid="13"/>
		</Token>
		
		<Token>
			<TokenIdentifier>//apple_ref/occ/instm/IFlySpeechRecognizer/startListening</TokenIdentifier>
			<Abstract type="html">开始识别</Abstract>
			<DeclaredIn>IFlySpeechRecognizer.h</DeclaredIn>
			
			<Declaration>- (BOOL)startListening</Declaration>
			
			<ReturnValue><Abstract type="html">成功返回YES；失败返回NO</Abstract></ReturnValue>
			<Anchor>//api/name/startListening</Anchor>
            <NodeRef refid="13"/>
		</Token>
		
		<Token>
			<TokenIdentifier>//apple_ref/occ/instm/IFlySpeechRecognizer/stopListening</TokenIdentifier>
			<Abstract type="html">停止录音&lt;br&gt;
调用此函数会停止录音，并开始进行语音识别</Abstract>
			<DeclaredIn>IFlySpeechRecognizer.h</DeclaredIn>
			
			<Declaration>- (void)stopListening</Declaration>
			
			
			<Anchor>//api/name/stopListening</Anchor>
            <NodeRef refid="13"/>
		</Token>
		
		<Token>
			<TokenIdentifier>//apple_ref/occ/instm/IFlySpeechRecognizer/cancel</TokenIdentifier>
			<Abstract type="html">取消本次会话</Abstract>
			<DeclaredIn>IFlySpeechRecognizer.h</DeclaredIn>
			
			<Declaration>- (void)cancel</Declaration>
			
			
			<Anchor>//api/name/cancel</Anchor>
            <NodeRef refid="13"/>
		</Token>
		
		<Token>
			<TokenIdentifier>//apple_ref/occ/instm/IFlySpeechRecognizer/buildGrammarCompletionHandler:grammarType:grammarContent:</TokenIdentifier>
			<Abstract type="html">上传语法</Abstract>
			<DeclaredIn>IFlySpeechRecognizer.h</DeclaredIn>
			
			<Declaration>- (int)buildGrammarCompletionHandler:(IFlyOnBuildFinishCompletionHandler)completionHandler grammarType:(NSString *)grammarType grammarContent:(NSString *)grammarContent</Declaration>
			<Parameters>
				<Parameter>
					<Name>completionHandler</Name>
					<Abstract type="html">上传语法完成回调</Abstract>
				</Parameter><Parameter>
					<Name>grammarType</Name>
					<Abstract type="html">语法类型</Abstract>
				</Parameter><Parameter>
					<Name>grammarContent</Name>
					<Abstract type="html">语法内容</Abstract>
				</Parameter>
			</Parameters>
			<ReturnValue><Abstract type="html">错误码</Abstract></ReturnValue>
			<Anchor>//api/name/buildGrammarCompletionHandler:grammarType:grammarContent:</Anchor>
            <NodeRef refid="13"/>
		</Token>
		
		<Token>
			<TokenIdentifier>//apple_ref/occ/instm/IFlySpeechRecognizer/setIsListening:</TokenIdentifier>
			<Abstract type="html">是否正在识别</Abstract>
			<DeclaredIn>IFlySpeechRecognizer.h</DeclaredIn>
			
			<Declaration>@property (nonatomic, readonly) BOOL isListening</Declaration>
			
			
			<Anchor>//api/name/isListening</Anchor>
            <NodeRef refid="13"/>
		</Token>
		
		<Token>
			<TokenIdentifier>//apple_ref/occ/instm/IFlySpeechRecognizer/isListening</TokenIdentifier>
			<Abstract type="html">是否正在识别</Abstract>
			<DeclaredIn>IFlySpeechRecognizer.h</DeclaredIn>
			
			<Declaration>@property (nonatomic, readonly) BOOL isListening</Declaration>
			
			
			<Anchor>//api/name/isListening</Anchor>
            <NodeRef refid="13"/>
		</Token>
		
		<Token>
			<TokenIdentifier>//apple_ref/occ/instp/IFlySpeechRecognizer/isListening</TokenIdentifier>
			<Abstract type="html">是否正在识别</Abstract>
			<DeclaredIn>IFlySpeechRecognizer.h</DeclaredIn>
			
			<Declaration>@property (nonatomic, readonly) BOOL isListening</Declaration>
			
			
			<Anchor>//api/name/isListening</Anchor>
            <NodeRef refid="13"/>
		</Token>
		
		<Token>
			<TokenIdentifier>//apple_ref/occ/instm/IFlySpeechRecognizer/writeAudio:</TokenIdentifier>
			<Abstract type="html">写入音频流</Abstract>
			<DeclaredIn>IFlySpeechRecognizer.h</DeclaredIn>
			
			<Declaration>- (BOOL)writeAudio:(NSData *)audioData</Declaration>
			<Parameters>
				<Parameter>
					<Name>audioData</Name>
					<Abstract type="html">音频数据</Abstract>
				</Parameter>
			</Parameters>
			<ReturnValue><Abstract type="html">写入成功返回YES，写入失败返回NO</Abstract></ReturnValue>
			<Anchor>//api/name/writeAudio:</Anchor>
            <NodeRef refid="13"/>
		</Token>
		
        
        
	</File>
</Tokens>